科目,名稱,關鍵詞一,關鍵詞二,關鍵詞三,摘要
化學科,"藥物骨架 Chromeno [4, 3-b] pyrrolidine 的合成方法之探討",chromene,pyrrolidine,合成,"Chromene(色烯或苯並吡喃)或 chromane(色原烷或 2.3-二氫苯并哌喃)及 pyrrolidine(吡咯烷)的衍生物是許多藥物和具有生理活性天然物的重要結構單元。含有 chromene 或 chromane的化合物在消炎、抗真菌的研究中表現出良好的活性，而 pyrrolidine 出現於尼古丁等化合物中。本研究利用亞胺葉立德前驅物與米氏酸衍生物在鹼性催化劑的作用下，篩選出溶劑、催化劑、當量數，找出合成 Chromeno [4,3-b] pyrrolidine 產率最高的條件。利用此優化條件，改變不同的受質，在苯環上改變不同取代基，探討其反應性，增加其未來應用的多樣性，嘗試利用掌性催化劑，合成出具有光學活性的產物，並建立資料庫。"
化學科,利用硫醇分子合成金奈米團簇應用於檢測自來水及游泳池水中次氯酸根,金奈米團簇,次氯酸根,硫醇分子,"隨著大眾對於衛生要求的上升，許多抗菌及消毒成分被廣泛應用於水質處理中，其中次氯酸作為消毒殺菌劑大量使用於泳池及自來水的水質淨化中，然而現行標準方法測定水中有效氯所使用具危害的毒化物且步驟繁雜不利普及民生使用，發展簡便快速且靈敏的偵測方法勢在必行。本研究利用牛血清白蛋白（Bovine serum albumin, BSA）、不同的硫醇分子及金離子合成具螢光特性之硫醇修飾金奈米團簇 （Thiol ligand assists BSA capped gold nanoclusters, BSA/RSH-AuNCs），探討添加不同硫醇分子對所合成之金奈米團簇於不同 pH 值及常見離子對螢光強度之影響，並利用具有最佳螢光穩定性之 2-巰基苯甲酸修飾金奈米團簇（Thiosalicylic acid assists BSA capped gold nanoclusters, BSA/TA-Au NCs），透析後進行次氯酸根檢測，其檢測線性範圍為 0.98μM-1000μM，涵蓋法規規定游泳池水及自來水中次氯酸根之容許殘留濃度，最後此方法成功於游泳池水及自來水基質中檢測次氯酸根，分析樣品的回收率介於 94.4%-95.6%。此外，在紙上添加金奈米團簇，並加入不同濃度的次氯酸根，觀察其螢光強度的變化，期望此方法未來應用於快篩試紙塗布材料快速檢測水質中次氯酸根濃度。"
化學科,以農業廢棄物芝麻稈做為紡織業常用染劑吸附材質之探討,吸附材,亞甲藍,剛果紅,本研究的重點是使用芝麻稈作為高效的吸附材，進而從水溶液中去除在染紡工業上常用的亞甲藍、剛果紅及雅里西安藍。在研究中，我們分別以吸附時間、pH值、吸附起始濃度作為操作變因，研究其物理、化學參數如吸附率、移除量、反應級數、吸附模式等等之變化[1][5]。使用UV-Vis光譜儀製作檢量線，推算各條件下所得之剩餘濃度，並由此計算其他所需之參數。本研究使用pseudo-first-order及pseudo-second-order進行動力學之分析，我們可以發現芝麻稈對於亞甲藍[3][4][5]、剛果紅[2]及雅里西安藍之吸附均符合pseudo-second-order模型；最佳吸附pH分析則可得知，亞甲藍於pH=5、剛果紅於pH=7，雅里西安藍於pH=8下可得最佳吸附效果；如使用恆溫吸附模型分析其吸附行為，則由實驗結果我們可以得知：亞甲藍符合Langmuir Isotherm及Freundlich Isotherm、剛果紅符合LangmuirIsotherm、雅里西安藍則符合Freundlich Isotherm；而其最大吸附量分別高達每克吸附材可吸附6624.75毫克亞甲藍、10815.74毫克剛果紅或18574.4毫克雅里西安藍。
化學科,微量氧化亞錫參雜與氧化鎢光觸媒之光電催化性質探討,氧化錫,氧化鎢,光觸媒,太陽能是地球上最豐富的能源。我們這裡研究的光催化劑主要用於進行重要的化學反應，例如利用陽光進行污染物降解和製氫。光催化劑的靈敏度取決於半導體材料的組成。在這項研究中，提出了一種氧化錫和氧化鎢的錫（II）光催化劑（SnO-WO3或SnO2 / WO3）與 p-n 結半導體材料結合。我們發現重要的事實是，含有少量 SnO2和WO3的光催化劑展示了敏感的光催化活性。使用光纖的掃描電化學顯微鏡（SECM）快速篩選 SnO2-WO3光催化劑陣列以進行有效的光電化學反應，我們使用小於 10％的SnO2量摻雜 WO3。然後在 0V vs.Ag/AgCl 的條件下，我們發現在紫外線和可見光照射下，組合物中 3:97 SnO2 / WO3的微小比例能夠顯示出最高的光電流。利用第一原理(DFT)計算，我們得到了接近費米能中 SnO2的帶隙約為 1.40 eV。我們認為這種小的帶隙和費米能級附近的態密度（DOS）分布是SnO2對 n 型 WO3敏感的原因。
化學科,發光基團與巴克球作為二氧化碳還原光觸媒之研究,發光基團,巴克球,二氧化碳還原,本研究使用巴克球 C60或巴克球衍生物 PC61BM 作為主催化劑，發光基團DTBT 作為副催化劑，製成混摻催化劑並調控各種變因，進行光催化二氧化碳還原反應，期許能設計催化效果最佳之有機光觸媒，達到開發再生能源與減緩溫室效應之目標，甚至應用於殺菌與分解汙染物等其他方面。利用氣相層析儀進行二氧化碳還原產物之定性及定量分析，目前產物以一氧化碳為主、甲烷為輔，主、副催化劑混摻之產率優於單一催化劑，主催化劑選用 PC61BM 優於選用 C60，DTBT 與 PC61BM 混摻莫耳比為 1：1 時一氧化碳的產率最佳，而莫耳比為 2：1 時甲烷產率較佳。若在反應瓶中添加氫氣或增加水量，皆有助於提高甲烷的產率。在製程中添加奈米銀製成三元混摻元件，可大幅提升產率，是未來研究方向。
化學科,銠金屬催化劑應用於優化不對稱加成反應,金屬催化不對稱加成反應,合成,最適化,本研究是以台灣學者開發之銠金屬催化劑與 Benzocyclobutenol 和 Cyclodienenone 進行不對稱加成反應作為實驗目標，利用不同的溶劑在不同溫度下進行反應，探討產物的衍生物產率和鏡像超越值的差異。首先，尋找出一個最佳反應條件，改變濃度、溫度、比例等變因並優化反應。接著嘗試改變 Cyclodienenone 上的官能基組合，觀察其對反應造成的影響並探討，及測試此銠金屬催化劑對不同官能基的容忍性，增加其官能基廣度。實驗結果顯示，大部分反應條件產率可達60%以上，光學選擇性 e.e.超過 90%。未來希望能將此銠金屬催化反應應用於不對稱藥物合成，成為一個合成高光學選擇性和高光學活性產物的方法，達到省時、省錢及高效之目的。
化學科,探討不同條件溶液結冰時溶質匯聚現象的差異,,,,我們發現有些水溶液結冰後會推擠溶質到中央匯聚成顏色較深的區域，但有些溶液卻不會，到底是什麼原因造成此現象的差異？於是我們操縱各種變因來觀察它們對溶液結冰時溶質匯聚表現的影響。實驗發現並非所有的濃度都會匯聚；不同溶質的匯聚情形也不同；水質所含雜質越多匯聚效果越差，且結冰後氣泡分布也各有特色；上下等寬的容器呈角錐狀匯聚，下窄上寬的容器則為柱狀匯聚；先結冰的地方會推擠溶質到後結冰的地方且結冰速率越慢匯聚程度越好；最後我們利用保麗龍包覆+重力方向來控制結冰順序使冰晶推擠力達到加倍的效果，再透過自製離子濃度檢測器發現冰塊中溶質匯聚區的濃度並非均勻一致，而是依結冰的順序而有低、中、高的「濃度梯度」現象。
工程學科,三槽式微生物燃料電池及不同尿液中微生物產電效率影響之探討,SLAM,YOLO,機器,本研究以可辨識、定位、記憶空間物品的眼鏡，建構可於非固定環境與人協同作業的搬運機器人。眼鏡結合 SLAM 即時定位與地圖構建及 YOLO 即時物體偵測，透過 SLAM 平面偵測建構空間中平面資訊，作為物品座標及物理資訊的依據參考，再經過深度學習訓練後的YOLO 模型達到辨識物品，結合兩者建立空間與物品的依存關係。透過網路即時傳輸環境資訊與指令，使機器人可以知道使用者移動的物品位置，並自主於環境中搬運物品，實現更有效的人機協同作業。本作品運用範圍，包括工地建材搬運、居家物品整理等，使人與機器人能並肩工作，提升人與機器人整合互動。
工程學科,鈦合金骨釘植入位置與脊椎椎體受力之分析比較,鈦合金骨釘,脊椎,生物力學分析,臨床手術中常有骨釘植入位置偏差之情形，且目前並無研究針對骨釘植入位置對椎體力學反應之探討，故本研究使用 CAD 軟體Solidworks 建立 11 個不同骨釘植入位置的人體第三節腰椎模型，利用有限元素分析軟體 ANSYS 進行力學模擬分析，計算不同骨釘植入位置於不同負載條件以及有無骨整合情況下，腰椎椎體的應力情形與整體結構之穩定度。研究結果顯示，在不考慮傷及神經或是骨釘穿出骨頭的情況下，當椎體與骨釘若受前彎、後仰、側彎、旋轉及無軸向負載)時，骨釘螺帽中點至棘突中軸的垂直投影距離越小，椎體位移亦越小，結構越穩定；且不論有無骨整合都呈現相似走勢。骨科醫師表示仍會選擇打在目前最普遍的植入位置最為保險；但依照本研究結果，當臨床手術醫師面臨植入常規位置困難度較高時，骨釘植入位置若稍偏外側穩定度並不會有顯著差異，且可避免傷及中樞神經系統。
工程學科,多模式步態復健視覺提示系統與其提示參 數自動最佳化,視覺提示,步態復健,帕金森氏症,臺灣已進入高齡社會，步態復健對於亞健康及慢性病族群極為重要，以帕金森氏症患者為例，他們常行走困難且容易跌倒。提升跨步品質的視覺提示是非常有效的協助方式，但臨床多仰賴治療師在地上貼膠帶或擺物件，調整不易且只受限於特定場所，因此居家自行照顧困難。先前已有研究開發出輕便可攜的裝置，能調整視覺提示，但每位使用者對不同提示模式的反應不一。本研究提出創新方法解決治療師手動調整的問題。以低成本周邊所建置的系統已能即時無線的變換不同提示模式、調控其參數，和自動計算各步態參數。其使用 MG90s 伺服機調整投射角度、霍爾式旋轉角度計裝在輪子上測量位移、Wi-Fi 無線接收及操控參數。已經完成自動化探索使用者能力，並作最佳化的視覺提示設定。讓使用者不必出門，居家使用時，皆有最佳的視覺提示設定，得以更短的時程達到更好的復健效果。
工程學科,真的是 23.5 度嗎？－以天文及氣象資料探討固定型太陽能板最佳架設傾斜角,太陽運行軌跡,太陽能發電,,太陽能板一架設完成就要發電 20 年，若架設角度不正確，會嚴重影響長達 20 年整體發電量。那太陽能板最佳架設角度為何?又如何確保施工時能正確架設該最佳角度?為解決上述問題，本科展作品，藉由理論計算、電腦模擬實驗與實際系統量測交互比較驗證，依據太陽運行軌跡與氣候資料，逐步探討出固定型太陽能板最佳架設角度。我們依序進行 9 個實驗，成功驗證一套能依據太陽能板所在緯度與方位角來決定出固定型太陽能板最佳架設傾斜角的方法。更進一步使用數值方法以曲線揉合(curve fitting)法來得出公式，使其不需大量運算即可算出固定型太陽能板最佳架設傾斜角。最後，本科展作品使用 BrainGo 控制板、直線雷射、GPS、電子羅盤與陀螺儀，成功研製一固定型太陽能板架設角度標示儀，能有效幫助業者與 DIY 者輕易架設正確固定型太陽能板架設最佳角度，有效確保 20年的太陽能系統發電效率。
工程學科,多功能數值控制微型射出成形機,射出成形,數值控制,變導程螺桿,高職機械群科在學習的過程中常常接觸到射出成形相關領域，我們想自主設計開發微形射出成形機，並和工業界生產的機台以液壓為射出機構不同。所以本專題以 3D 列印機的運動控制及材料加熱系統為基礎，利用變導程螺桿的加壓射出機構及螺桿導軌鎖閉模機構來完成射出成形所需的各個機械動作。變導程螺桿做出材料的輸送及射出動作，加壓後可將空氣排出，進而取代了原本注塞式和一般螺桿式的加壓射出；再利用公模、母模、頂射板和母模固定板所形成的射出模系統，進行自動化。由於機台微小化，操作方式和現行 3D 列印機操作方式類似，所以可作為教學之教具使用，亦可由同學自行設計模具進行射出成形操作。也能針對不同的材料做為射出的成品。
生物化學科,以蛋白質工程開發新穎酵素於高尿酸檢測及降解藥物,尿酸氧化酶,尿酸降解,蛋白質工程,"尿酸氧化酶參與嘌呤代謝，然人類尿酸氧化酶基因已退化，易使過量尿酸沉積於關節造成痛風，近年來微生物源尿酸氧化酶之酵素工程改良，逐漸被應用於尿酸檢測與降解藥物，因此具極高研發價值。本研究針對微生物源尿酸氧化酶進行基因體探勘，篩選出抗輻射奇異球菌(Deinococcus radiodurans)及耐熱雙球桿菌(Thermobispora bispora)源尿酸氧化酶基因，以蛋白質異源表現與金屬螯合層析法純化取得重組尿酸氧化酶，進行酵素動力學、熱穩定分析、結構解析、金屬離子耐受性分析與尿酸檢測應用。在最佳反應條件下，抗輻射奇異球菌源酵素於 30 ℃之 Km與 Kcat為 679.03 μM, 30.33 s-1；耐熱雙球桿菌源酵素於 70 ℃之 Km 與 Kcat 為 191.31 μM, 12.85 s-1。此外，我們已解析耐熱雙球桿菌源尿酸氧化酶結構，發現其羧基端之特異性構型可能與熱穩定性有關。本研究以此兩種尿酸氧化酶為酵素工程改良標的，盼未來能研發作為快速篩檢與臨床治療之生物替代藥物。"
地球與環境科學科,水庫吸塵器—水庫水力旋流排淤之探討,水庫,旋流,清淤,為改善水庫淤積問題，提出清除泥砂淤積與水土資源回收之解決方案，本研究採旋風吸塵器概念製作結構簡單的水力旋流分離裝置，可在水庫供水時同時排淤，並運用虹吸引水方式抽取淤泥，以高度、管徑、圓桶長度作為影響旋流分離的主因，經實驗發現，改變此三項變因可影響流速，進而影響分離率，實驗中可有效分離 99%河砂與 97.5%白河水庫淤泥。從模擬水庫排砂的實驗中，探討淤積粒徑的分布區與不同水力排淤工法的效益，依實驗結果得到水力旋流分離適用於水庫中上游粒徑大於黏土的淤積，水庫下游可搭配排淤隧道排出較難分離的黏土淤積，兩者搭配使用清淤將可不再受天候限制，並可蓄清排淤達到節能減碳的效果，延長水庫的壽命並降低原水濁度。
地球與環境科學科,颱風在短期與長期內影響海洋表層葉綠素a 濃度改變之探討,颱風,葉綠素 a,營養鹽,本研究主要探討颱風強度對於海洋表層葉綠素 a 的濃度影響的程度。颱風資料由 Joint Typhoon Warning Center 資料庫中選取 2008~2012 年之西北太平洋颱風，共 104 個颱風。每天中相隔 12 小時取兩組資料，包含颱風經緯度、近中心最大風速與氣壓；葉綠素 a 濃度資料則取自 NASA Ocean Color 資料庫，對應颱風路徑中每天兩個取樣時間，找出以颱風為中心，長寬各 150km 範圍內的葉綠素 a 濃度，並利用 Matlab 程式輔助處理大量數據。為清楚了解颱風對海表面葉綠素 a 濃度的影響，研究中將影響時間分為短期及長期兩組分別進行分析。所謂「短期」是指颱風經過前、後一天內，而「長期」則是颱風經過的前一周到後兩周內的時間。分析結果顯示颱風過後一天海表面葉綠素 a 濃度平均增加近 50%，且颱風近中心最大風速與中心氣壓在短期對於葉綠素 a 濃度分別呈現正相關與負相關；而長期來看，無論颱風近中心最大風速或是中心氣壓和葉綠素 a 濃度的關係較不明顯，但是颱風過後 10 天內，海表面葉綠素 a 濃度明顯高於颱風來臨前。
地球與環境科學科,臺灣極端寒流個案與東亞地區冬季氣候之關聯,臺北寒流,1985 年前後,迴歸分析,本研究定義 1967~2016 年的極端寒流並將其分成 1985 前與 1986 後兩個時期，進行前後期寒流個案合成之綜觀環境場的比較，得知前後期確實有所不同，且以天為單位，後期寒流及非寒流差異較不明顯，推測需要更長時間尺度才能凸顯差異。再以臺北冬溫與世界冬季的溫度、風場做相關性分析，發現緯向風的蒙古地區，在前後期正相關性都相對明顯；經向風則是西伯利亞西部的負相關在前後期皆較明顯。因此，我們分別取蒙古緯向風及西伯利亞經向風以月為單位做不同季節延遲、同步及領先的迴歸分析，並發現與臺北冬溫相關性最高者，分別為蒙古冬季同步緯向風，及西伯利亞春季領先 2 經向風。最後為了驗證，再將此二風場1967~2016 年的數據分為寒流、非寒流期間及全部數據進行比較，觀察同個月份在寒流及非寒流期間與平均值的差別，也探討這些差異與臺北冬溫三個月份間的差異有何異同，結果證實寒流及非寒流大多具有明顯不同。
地球與環境科學科,全球平均海平面的年際變化,海平面,年際震盪,相關性,本研究探討年際氣候震盪對全球平均海平面的影響，故將衛星測高儀數據剔除長期趨勢與季節波動後，與數個氣候指數進行互相關及同調性頻譜分析，其結果為：(i) 海平面與ENSO，尤其是 Central-Pacific Types 在一年半以上的時間尺度，有高度相關，相關的原因可能與混合層溫度變化、陸地降雨海陸分布的變化有關。(ii) 海平面與 PDO、AMO 的相關性分別集中在 4 年以上與 2 年到 10 年，海水的熱含量變化可能是主因。AMO 相關性最高是在其比海平面早發生 8 個月的時間。 (iii) 雖然研究資料不包含北極海，但結果指出海平面與AO 有弱相關，意味著北極海的年際溫鹽變化，對於全球海平面有遙相關的影響。(iv) 海平面與 AAO 似乎有弱相關，但是無法確定。最後本研究將上述五個指數以最小平方法擬合海平面年際變化，得到各指數的相對強度貢獻比例，有助於了解在未來全球暖化下的海平面變化。
行為與社會科學科,文化與數學文本：眼動技術下不同民族學生的解題行為之探究,文化回應,眼動技術,數學解題,臺灣通過《實驗教育三法》後，許多原住民族實驗教育學校如雨後春筍般成立。鑑於世界美國、加拿大、紐西蘭等國，對於原住民族教育政策提倡「文化回應課程與教學」之理念，本研究以「等差數列與級數」為核心概念，設計「鄒族文化內涵數學文本」與「漢民族文化內涵數學文本」，透過眼動儀技術及數學解題，邀請「都市原住民族學生」、「偏鄉原住民族學生」、「都市漢民族學生」、「偏鄉漢民族學生」等四群學生進行受試。實驗中，每一群學生均須完成「鄒族文化內涵數學文本」與「漢民族文化內涵數學文本」閱讀與解題。受試完畢後，本研究再針對學生所撰寫的數學解題文本與眼動儀相關數據，進行「整體之眼動指標」、「歷程分析之眼動指標」以及「數學問題的解題情形」等三類面向之分析。期望本研究所獲得的結果，也能夠回饋給未來原住民族實驗教育政策的制定或後續原住民族的相關研究上。
行為與社會科學科,探討眼睛對於不同顏色赫曼方格的視錯覺,視錯覺,赫曼方格,RBG 色環,我們的視覺能力是大腦將感官所觀察到的物體進行辨認，由於物體受到形狀、線條和顏色的變化，加上人們的生理、心理原因，而產生與實際不符合的視錯覺。為探討眼睛對不同顏色赫曼方格的視錯覺，我們以標準化的情境和 RGB 色環中的對比色、相近色和互換色定義電腦上赫曼方格顏色，進行實驗。研究發現黑白配色所看到鬼影人數最多，而綠紅配色卻較少人看到鬼影。因此我們用側抑制現象與感光細胞進行討論、分析，得出傳統黑白赫曼方格，受到側抑制作用的影響最為明顯，而其餘顏色變因的赫曼方格，對於紅藍綠視錐細胞和桿狀細胞會有不同程度的刺激，產生更複雜生理錯覺。此外我們延伸去探討不同顏色的格子襯衫對於受試者消費行為的影響，研究發現生理視錯覺會影響受試者的消費行為，錯覺較少比較多人願意購買；除此之外社會觀感與年齡層皆會影響受試者的消費行為。
物理與天文學科,圓來這麼多變-黑白幻彩,黑白,彩色,旋轉,為了解黑白間隔圓旋轉時為何出現彩色圖案？我們在不同種類的光源、不同的光源閃爍頻率、不同圓盤轉速及使用高速攝影來觀察間隔圓旋轉後的影像，尋找黑白間隔圓與出現彩色圖案之間的關連性。我們發現黑白間隔圓旋轉時出現彩色現象時，光源必須閃爍、光源必為線光譜，光源含有螢光物質，並且發現燈管內的螢光物質吸收紫外光後所釋出的白光，可使黑白間隔圓旋轉時出現彩色圖案，而 LED 燈泡是藉由藍光激發黃色螢光物質後發出的白光，則無法出現彩色現象。實驗進一步發現，若燈管螢光物質的某一光源在發光後至熄滅之間產生發光時間延長的遲滯現象，將會是黑白間隔圓旋轉後所出現的顏色。
物理與天文學科,水力懸浮運動及其特殊進動現象之研究,水力懸浮,附著力,進動,觀察到圓球及圓盤在⽔柱上懸浮(Hydrodynamic Levitation)之特殊情形，本研究探討此現象並提出相關解釋。經由實驗發現圓球放置⾼度並不會影響其最終平衡⾼度，⽽⽔柱⾼度與圓球平衡⾼度則呈線性關係；⽔柱流量愈低，不同於我們實驗前所想像的，其最終能平衡的⽔柱傾斜⾓度反⽽越⼤；隨⽔柱傾斜⾓度愈⼤，平衡⾼度即隨之增⾼；圓盤轉速與⽔柱切線速度⼤致相同，透過此結果，我們推論出造成此現象的主要原因，是因附著於圓球上的⽔對其產⽣的附著⼒，⽽與⼀般⼈猜測的康達效應(Coanda Effect)較無關連，我們從⽽深⼊分析此現象的細節，並得出⼀些意想不到的結果。本研究中，最為特別的是，實驗中遇到的奇特進動現象，看似複雜、無規律的運動，我們透過⾼速攝影機，深⼊觀察此⼀系列特殊的進動，竟發現其中規律的運動規則，所以我們進⽽推論其⼒學特性，藉以解釋此現象形成原因。
物理與天文學科,雙球系統垂直震盪之探討,球體,轉動,震盪,觀察一置於平面上互相連接之兩鐵球，在給定一初始角速度後會有一球體離開平面產生仰角的現象。本研究探討此現象並提出相關解釋。經由實驗發現系統傾斜角度與系統角速度有顯著的影響，且此傾斜角度亦表現出震盪之特性。透過觀察系統運動模式，更發現現象與圓球系統相關參數有密切關聯，藉由攝影並分析系統各項物理數據，進而推導出牛頓力學與拉格朗日力學理論模型並驗證所設的想法，解釋系統穩定抬起與震盪的現象。
物理與天文學科,傅立葉轉換於奈米螢光鑽石超微量偵測之研究,傅立葉轉換,奈米螢光鑽石,超微量偵測,"螢光奈米鑽石(Fluorescent Nanodiamond, FND)主要應用於生物定位，其結構中與一個氮原子相鄰的晶格缺陷部分(Nitrogen-Vacancy, NVି)照射波長 532nm 的雷射會發出 637nm 的螢光，對 FND 施加磁場會使螢光強度減弱。由於在低濃度溶液中螢光訊號會被溶液的背景雜訊掩蓋而難以偵測，因此設計實驗對 FND 施加穩定變換的磁場，此動作能夠使螢光強度也進行相同週期的變化。針對此週期進行快速傅立葉轉換(Fast Fourier Transformation, FFT)得出的數值會與螢光強度呈正比，進而推知 FND 濃度，有效排除不隨磁場變動的背景雜訊。研究結果顯示，施加磁場並使用 FFT 能夠成功排除牛血清蛋白(Bovine Serum Albumin, BSA)、碘化丙啶(Propidium Iodide, PI)、水、血液的背景輻射，且 FND 在高離子濃度溶液中會沉澱，在表層包覆 BSA 則可以有效地改善此現象。FND 不易受到血液的背景輻射干擾螢光測定。"
物理與天文學科,探討指尖陀螺在不同轉動角度下之力學模型及新型離心設備之設計,指尖陀螺,力學模型,離心力,本研究可分為三個部分：第一部分利用指尖陀螺在不同角度(0-90 度，指旋轉面與水平面之夾角)下進行轉動實驗。實驗結果顯示當角度越大，指尖陀螺的轉動時間越長;當角度為 90 度時有最長的轉動時間。轉動過程可分為高轉速區與低轉速區。前半部為高轉速區，其轉動頻率隨時間成指數衰減關係;後半段為線性區，其轉動頻率隨時間成線性衰減關係。在第二部分，我們將樹脂注入微型聚乙烯管進行離心實驗，結果顯示指尖陀螺與水平面角度為 40 度轉動時，可以達到最短的樹脂長度，亦即最好的分離效果。在第三部分，我們根據前述之實驗結果提出設計離心機的新概念，那就是：結合以下兩個要件 1.試管轉動時應與轉動軸垂直與 2. 試管的轉動平面與水平面成 40 度時，此種離心設備相較於傳統離心機應可具有較高向心力(離心力)，可達更好的分離效果。
物理與天文學科,探討旋轉流中垂直熱對流造成流場變化之性質,PIV 攝影,垂直對流,旋轉渦流,本研究發現並探討冰在旋轉流中快速融化時自轉加速的現象，甚至比驅動旋轉流的速度快。根據文獻[1][2]，近轉軸流場速度增快的現象可以基本流體力學方程式計算、解釋並討論，但對邊界條件處理、影響的參數無深入探究，其中熱對流模型控制應影響實驗結果。本文透過自製實驗裝置，就驅動角速度、對流模型、對流速度等變因實驗探討這類旋轉流中因垂直對流引發「近轉軸處加速旋轉」對流流場性質，並用黏滯力、邊界及初始條件及 PIV 法攝影結果進行數據討論及驗證。實驗顯示自製三式熱對流模型、初始條件及液體性質是重要影響因素，明顯影響模型轉速-時間曲線趨勢；研究也成功利用 PIV 法攝影結果及數值模擬繪製出明顯近軸液體加速轉動時的流動結構並分析流場變化原理。本文期望對相關流體力學及工程方面問題有所助益，例如應用於渦流消除。
物理與天文學科,高電場下含界面活性劑二氧化矽-矽油液體之機械力學特性與結構探討,電流變液,矽油分子長度,界面活性劑,本研究以添加界面活性劑、二氧化矽及矽油的電流變液作為研究對象，探討矽油的黏度以及添加界面活性劑對電流變液的影響。並希望引入此現象於以高電壓驅動動態摺紙的DLZ(dielectrorphoetic liquid zipping)結構中，增進其性能。研究發現不同黏度的矽油會對電流變效果造成影響。以低黏度(10cst)的矽油製成的電流變液，黏度變化於 6kV 時可達原本黏度的 2.4 倍，而以高黏度(350cst)的矽油製成的電流變液，黏度變化則可達原本黏度的 9.7 倍。在實驗時也發現，穿透裝有電流變液比色管的光線在施加電壓後減少，黏度越大，減少的幅度越大，並與界面活性劑的存在有關。因此推論: 黏度大的矽油因分子長度較長，藉由界面活性劑作用，更容易和二氧化矽粒子形成整齊結構，因為單一矽油分子可連接更多二氧化矽顆粒。這讓電流變液的黏度改變；同時整齊的結構會使電流變液的散射能力減弱，使接收到的散射光減少。未來將以顯微鏡直接觀察電流變液的內部結構，並以水及酒精取代界面活性劑，以了解在矽油分子長度改變以及有無添加界面活性劑下電流變液黏度變化的機制，並應用在 DLZ 結構中，完善原本在單純液體中只有考慮介電常數的理論，增加黏度與液體內部結構的討論。
物理與天文學科,各種導電物質於不同變因下之共振頻率的探討與運用,共振,RLC 電路,導電,我們製作了一個金屬探測器。有別於一般固定頻率的操作方式，我們改變輸入探測器的電壓頻率，量測探測器的共振頻率。當我們改變金屬與探測器的距離，發現共振頻率會隨之改變。於是我們更進一步，藉由觀察輸入電壓與感應電壓之正反對稱性，精確測得共振頻率，並且探討各種導電物質的變因與共振頻率及感應電壓的關係。
物理與天文學科,吹氣致冷現象的機制探討,絕熱膨脹,蒸發降溫,氣流引入,人們在日常生活中總會察覺，當以嘴巴對著皮膚快速吹氣時，皮膚表面會覺涼涼的；但若是張口緩緩哈氣，則皮膚表面卻會感覺溫熱。為了量化這個現象的成因，作者先以口腔實際吹氣來進行初步的測量與研究，接著以自製器材模擬口腔吹氣的情況來操作實驗。我們探討了吹氣時不同的出口風速、不同的口腔氣溫及環境溫度的條件之下，目標物表面的溫度變化。這個現象會涉及氣體的膨脹降溫，以及氣流抵達目標物之前與環境中空氣的混合效應；最後還測量了吹氣時目標物上含水量減少的蒸發降溫幅度。本實驗提供了大量的實驗數據，明確且定量的證明了上述吹氣致冷的主要成因就是「氣流引入」效應，當口腔與手心相距10 公分快速吹氣時，抵達手心的氣體中約有 95%是環境中原本的空氣，所以皮膚才會感覺冰涼，而「絕熱膨脹」及「蒸發降溫」的影響則都比預期中小了很多。
動物學科,大姬蛛不規則網之拓撲探究,大姬蛛,三維(3D)立體不規則結構網,拓撲學,蜘蛛網在生態學上最成功的在於出色的力學性能、強度、韌性、彈性和堅固性。蜘蛛網的結構從序列設計到蛛網架構都是屬於分層結構。因應不同環境，蜘蛛因環境變化調整蜘蛛網架構。利用GeoGebra軟體分析大姬蛛三維(3D)立體不規則網及拓撲學結構，並以數學幾何方式繪製出蛛網立體架構。蛛網架構分為：主網、立體次級架構、牽引絲及支架。結網的過程為：牽引絲→主網→次級架構→支架。依照環境不同，蛛網類型區分為三角體、輻射型及吊帶型。蛛網的穩固性：輻射型(n=11)＞三角體型(n=9)＞吊帶型(n=8)。內部的主網分成 12 種拓撲學形狀，其中以稜椎體(29%)比例為最高。依網高指數及支架的有無，蛛網的結網方式：包覆式、紮營式以及倚靠式結法。網的功能依照蛛網上的卵囊有無做為區分，有卵囊蛛網為保護功能，無則為獵食功能。設計的三種環境實驗箱，都結出相對應的蛛網類型。
動物學科,終「孑」之「疫」-渦蟲野外防治評估及消化蚊幼蟲機制,台灣淡水渦蟲,白線斑蚊幼蟲,野外防治,台灣淡水三角渦蟲 (Girardia tigrina) 主要以水生小動物為食，且會捕食蚊幼蟲，具生物防治潛能 (王與郭，2016)。根據投放前的評估結果，渦蟲對食物無記憶，為機會主義捕食者且會搶食，有利於評估未來投放的數量；野外防治實驗中發現渦蟲可有效抑制模擬水耕地景中蚊幼蟲，且生存水質與蚊幼蟲相似。未來可大範圍投放渦蟲，評估是否能有效抑制蚊幼蟲。本研究另一目標為確認渦蟲消化蚊幼蟲機制。由薄層分析法發現渦蟲黏液需長時間才能水解少量的幾丁質，推測其主要行體外物理消化蚊幼蟲，化學消化則為協助的角色。以石蠟切片發現 5 %福馬林加 30 %蔗糖之固定液可切出完整的渦蟲咽部組織。未來將持續探討渦蟲消化蚊幼蟲機制，如確認渦蟲捕食蚊幼蟲時咽部肌肉組織變化，以及利用冷凍切片固定渦蟲捕食蚊幼蟲時當下組織，再進行染色觀察。
動物學科,蚜蚜學泳–睡蓮蚜適應水上生活的機制,睡蓮蚜,,,睡蓮蚜是一種生活在水域環境的蚜蟲，而本研究證實：此種蚜蟲對水源和水中浮萍具有偏好性，並在水中具有勝過陸生黑豆蚜和玉米蚜的求生能力和登陸能力。睡蓮蚜的這些能力源自其異於其他蚜蟲的構造：較輕的質量和較長的腳使其能夠憑藉表面張力於水上站立和移動，並且在登岸時可以產生物理中的 Cheerios Effect 快速吸附陸地，水中生活的機動性因而極高。另外，睡蓮蚜的腳有彎曲的特徵，加強 Cheerios Effect 的效應，加強登岸能力。睡蓮蚜的腹面氣孔亦有朝兩側生長的現象，以適應水上腹面經常碰觸水面的生活。
植物學科,酯類代謝於花粉萌發及花粉管生長所扮演的角色,油酯,花粉,花粉管,"研究初期顯示增加儲存時間會降低花粉萌發率，並造成內源性酯類顯著降解。因此我們推測花粉萌發所需的能量可能由內源性酯類提供。先前研究發現雌蕊柱頭分泌物(SE)含有促進花粉萌發的因子，本研究探究 (1)花粉萌發過程中內部酯類組成變化；(2)找出 SE 如何影響酯類代謝進而促進花粉萌發。利用薄層色層分析法比較後發現極性酯於花粉萌發較中性酯重要，而 SE 主要加速了磷脂醯肌醇(PIs)、磷酯醯膽鹼(PCs)的降解與雙酸甘油酯(DAGs)的生成。利用 LC-MS 發現添加 SE 確實能加速 PCs/PIs 的降解及 DAGs 的生成，更能促進 PAs 的快速生成再降解。我們推測添加 SE 能夠促進 PCs/PIs 降解，PIs 磷酸化成 PIP2 後經過 PLC水解生成 1,4,5-三磷酸酯(IP3)以及DAGs，IP3 能促使粗糙內質網釋放內源性鈣離子，而DAGs 磷酸化成磷酯酸(PAs)後促使膜上的鈣離子通道打開，讓外源性鈣離子進入花粉管內。而 PCs 在經過 PLD 水解後也能形成 PAs 讓鈣離子進入花粉管內。"
植物學科,地錢熱逆境記憶元件 HSA32 及 HSP101 之功能探討,地錢,耐熱,熱逆境,為減少高溫造成的農業損失，了解植物耐熱機制成為重要的研究課題。其中植物熱逆境記憶受兩個熱誘導蛋白 HSA32 和 HSP101 之調控已在阿拉伯芥與水稻中被揭露，HSP101 除了幫助蛋白質摺疊外，也可促進 HSA32 的累積，HSA32 則延緩 HSP101 降解的速度而延長植物的熱逆境記憶。本研究以低等植物地錢作為為模式，探討植物熱逆境記憶機制之演化過程。生理實驗結果顯示地錢同樣具有熱逆境記憶現象；氨基酸序列的親緣樹表明高等植物與低等植物的 HSA32 明顯分成兩群，呼應先前互補實驗的結果，指出這兩群 HSA32 結構功能上的差異；如同高等植物，地錢 HSA32 和 HSP101 的表現均受熱誘導而活化。然而，初步結果顯示，不同於高等植物，地錢 hsa32 剔除突變株有更強的熱逆境記憶，顯示地錢 HSA32 的功能可能是抑制地錢的熱逆境記憶，未來需要進一步驗證。
植物學科,綠豆發芽水抑制黴菌效果之探討,綠豆發芽,抑黴蛋白質,,本實驗延續過去的研究，進一步探討綠豆發芽水抑制黴菌之機制。經實驗推測，綠豆發芽水中有多種物質－而其中主要為分子量小於3kD 的胜肽參與抑制黴菌。而為更了解此現象，設計不同的實驗探討其機制。在縮短浸泡時間後，浸泡溫度為30°C 之綠豆發芽水有抑黴效果，未來將探討是否因綠豆階段性釋放抑黴物質導致。另外推測浸泡溫度較低時種子沒有此機制，故在4°C 泡綠豆、黃豆、小麥。結果黃豆發芽水、小麥發芽水浸泡7天才有較明顯的抑黴效果，未來將比較更多條件並探討此現象的原因。接著調整不同條件下的綠豆發芽水至相同蛋白質濃度，發現30°C 泡3天180顆/120mL 的綠豆發芽水抑黴效果較差，未來將探討是否為某些物質濃度改變導致。最後，比較不同樣本找出確切抑黴物質後，期望能應用於臨床上。
植物學科,台灣萍蓬草兩型葉發育與植物激素 ABA 與GA 關係之研究,台灣萍蓬草,植物激素,演化,台灣萍蓬草為台灣原生種水生植物，其葉片因應環境變化改變型態的現象稱為兩型葉（heterophylly leaves），本研究旨在探究此植物的兩型葉性質差異與演化脈絡。我們比較野生型與實驗室培養的台灣萍蓬草兩型葉間形態與生理差異，而後對其外加植物激素，比較不同刺激下葉片之生成形態。我們發現台灣萍蓬草水上與水下葉為了適應不同的環境，發展出許多不同的特性。接著藉由實驗我們得知水上葉的內生 ABA 含量較水下葉高。在外加激素實驗中，我們發現在其他植物常呈拮抗的 GA 與 ABA，對台灣萍蓬草的影響為：外加兩種激素後生長出來的葉片構造皆趨近於水下葉，而外加兩種激素雖皆會抑制葉片中的葉綠素 a 含量，但並未趨近水上葉或水下葉。過去的論文顯示，水生植物並非在水中獨立演化，而是在水陸之間多次交替演化，我們期望以台灣萍蓬草於 Nuphar 屬之特性，並透過兩型葉作為種屬特異性的比較工具，進一步了解這段演化過程。
微生物學科,以線蟲模型探討核醣核酸結合蛋白 MSI-1如何影響微小核醣核酸 let-7 調控 lin-41 路徑,線蟲,msi-1,let-7,癌症是世界性的嚴重疾病，長年位居國人十大死因之首。而基因調控的失控是造成癌症的主要原因之一，由先前的文獻已知，微小核醣核酸 let-7 負向調控下游基因 lin-41 是調控細胞週期及癌症發展和預後的重要路徑。由於此調控路徑具有演化上的保守性，本研究以較易操作實驗的秀麗隱桿線蟲為生物模型，透過 RNAi 的方式，降低特定基因的表現，觀察是否影響與 let-7/LIN-41 調控路徑相關的突變性狀，來推測該基因是否參與此路徑相關之細胞週期調控。本研究中，我們發現以 RNAi 降低核糖核酸結合蛋白 msi-1 的表現量可抑制 let -7(n2853)突變種線蟲中因 let-7 功能缺失所造成的接縫細胞的重複分裂的突變性狀，並增強對下游基因col-19 的活化調節。我們推論，降低 msi-1 表現量可以提升 let-7 路徑的功能。我們期望可以藉由研究 msi-1 如何調控此路徑的機制，更加了解 MSI-1 此一核糖核酸結合蛋白對於細胞週期的控制，並提供未來癌症標靶藥物的重要參考。
微生物學科,利用共生菌與小球藻建構不須添加培養基且能日夜發電的長效生物光伏電池,生物光伏電池,小球藻,共生菌,"生物光伏電池(BPV)是一種利用光合自營生物進行光電能量轉換的發電裝置。本研究利用共生菌 G76 創造不須補充培養基的固態複合型 BPV。我們以陽極只含小球藻的 BPV 為控制組(X-C)，發現在實驗開始 24 小時之後，BPV 電壓開始隨著光照週期產生規律變化，前三個光週期電壓高峰平均值為 116.23±2.92 mV, 谷底平均值為 87.96±4.48 mV，波動幅度28.27 mV。實驗組為陽極有小球藻與共生菌 G76 的複合型 BPV (X-CG)，同時期電壓高峰平均值為 109.23±2.45 mV, 谷底平均值為 100.63±0.9 mV，波動幅度 8.6 mV。與 X-C 相比，添加 G76 會使電壓高峰下降 6.02%，但提高谷底電壓 14.4%且縮小電壓波動幅度 69.58%。目前 X-CG 已運轉超過 1032 小時，電壓高峰為 95.2mV，衰減幅度 19.35%。同時期控制組 XC 電壓高峰已下降至 61.1mV，衰減幅度 90.22%。實驗過程中我們發現在 X-C 及 X-CG 組別運作 73 小時後, 在陰極區都出現了紫黑色微生物(PB1)，同時這些被汙染的 BPV 的電壓明顯比其他組別更高，將 BP1 單獨培養並引入陰極後(P-CG), 此一 BPV 的電壓高峰平均值高達 179.3±3.66 mV，谷底平均值則為 162.37±1.38 mV，都比 X-CG 組提高近六成。更重要的是 X-CG 與 P-CG 分別能保持日間電壓的 92.13%與 90.56%，都是非常穩定的 BPV。由以上結果可知, 將共生菌 G76 加入 BPV 陽極能提高日夜間的供電穩定度並延長裝置使用壽命，而將 PB1 引入陰極則能使 BPV 電壓提高六成以上。若能進一步優化應用這些共生菌, 此種低成本複合型生物光電轉換裝置將有潛力建構出一套不須儲電系統的太陽能發電系統。"
電腦科學與資訊工程學科,偵測注音文密碼強度之研究,注音文,密碼,,密碼為我們生活中常見的一項工具，它可以為我們保護我們的隱私，以免受到別人侵犯，但也同時間出現許多問題，例如：若密碼太過單純會使密碼的功能失去意義，讓其他人可以輕易存取使用者的資料。在臺灣，注音文密碼是十分常用的密碼，因為它乍看像亂碼，其實有一定的規律存在，而這些密碼，卻容易被判斷為安全的密碼，因此，我們希望可以將這個問題改善。在研究中，我們先研究密碼強弱，再探討注音文密碼中在一般密碼中的比例，最後達成我們希望的目標—寫出一個可以偵測加入注音文策略的程式。在研究中，我們亦討論各個密碼演算法的優點及缺點，以找出可以最準確判斷的程式，並在研究的最後，提出可以將這套方法擴充至其他語言或是輸入法的可能性。
電腦科學與資訊工程學科,以深度學習及動脈壓力波頻譜諧波分析實驗為基礎開發脈搏訊號分析系統,深度學習神經網路,血液共振理論,,本研究提出一套創新的人體健康分析方式，透過全新的分析演算法架構深度解析脈搏訊號中的特徵，並結合深度神經網路進行預測，最後開發成監測人體健康的嵌入式系統。本研究基於血液共振理論，將光體積變化描計圖法擷取到的脈搏訊號進行訊號處理，從中擷取出共振峰值以及其變化量，檢測血液循環一週的微小變化，改善了當前分析方法著重在計算平均值，無法呈現即時狀態的缺失。本研究提出的系統和演算法所延伸的預警系統具有 77.3%的預測精準度，同時可以擴展至多種趨勢相關的臨床症狀。此外，本系統十分適合應用於低功耗、低成本的硬體，對於未來各種行動裝置、穿戴科技與居家照護的生理數據分析需求，可提供實質的貢獻。
電腦科學與資訊工程學科,殊途同歸—無既定模式中英文混合輸入,多元樹,深度優先搜尋法,,本研究旨在設計一個使用模式，以不切換中、英文輸入法打字的原則之下，能夠完整的自動辨識出一個包含中文（注音、嘸蝦米、倉頡）與英文完整句子。經實測結果，正確率達到 94.23%以上。
電腦科學與資訊工程學科,2048 遊戲的勝率與時間差學習法程式特徵之分析,2048 Games,Patterns,TD Learning,本研究共耗時了九個月，以資訊教室48台電腦為主要設備，共計執行了近2500萬次的遊戲，達成本研究的最終成果。以下將探討並分析一篇以時間差學習法為基礎寫成的 2048 人工智慧程式，在解讀程式碼當中適合取來應用的部位後，加以探討是本研究的核心與主旨。首先分析出各種方格數組成的相異特徵種類，統計方格數對應的特徵數量後，得出了「二倍定理」，對於往後執行高階方格數時有極高參考價值。隨後為了因應本研究對於四到六方格數特徵的探討並避免窮舉，自創了一種新方法：「已得特徵放置方格法」，對於嚴謹的特徵分析有一大進展。之後將前實驗的130種特徵皆作數十萬次的遊戲勝率分析，排出了各種特徵之間的優劣，接著以特徵之間的組合與原版特徵比較，驗證了此系列研究方法的成功。「機動性質」是本研究現階段最有可看性也最具應用性的新創研究方法。在本研究後半即藉由計算特徵版面上的位置對次數分析，也為先前實驗現象做了合理解釋。未來將展現的就是機動性質回推法，藉此我正在設計利用更龐大數據，找出一個理想的「機動模型」，這種從被動獲得到主動回推的新思維演進方法，希望可以實踐並對於特徵工程做一大革新。除了以上，也期望整篇研究以及新創研究方法可以被往後的資訊科技、人工智慧、大數據、特徵工程……等領域應用。
數學科,二元 3 平衡 n 字串之排列數探討,字串,階差數列,排列組合,本研究旨在探討由 0 與 1 組成長度為 n 的二元字串中滿足000-子字串數和111-子字串數相同（稱為平衡）之排列方法數。我們分成 3 個部分來探討：一、首先我們利用程式計算二元 3 平衡 n 字串和二元 3 非平衡 n 字串的個數，並觀察在不同 n 值下，平衡與非平衡字串個數之規律性；二、接著我們發現非平衡字串個數在000-子字串和111-子字串之差值為一固定形式時，不同長度之字串符合個數會形成一階差數列，我們對此猜測提出證明並嘗試利用此性質推導出二元 3 平衡 𝑛 字串個數之一般式；三、最後探討二元 3 平衡 𝑛 字串個數之成長速度，推論當 𝑛 值極大時，二元 3 平衡 𝑛 + 1 字串的個數大約為二元 3 平衡 𝑛 字串的個數的 2倍。同時，我們也將 3 平衡推廣至 r 平衡，提出一些相關的結果。
數學科,正 n 邊形內接正四邊形之探討,正 n 邊形,內接正四邊形,尺規作圖,"本篇將探討在正 n 邊形中的內接正四邊形，即此正四邊形的四個頂點分別位於正 n 邊形的四個不同邊上。我們將正 n 邊形依邊長數分為 n=4k、4k+1、4k+2、4k+3，透過電腦繪圖、尺規作圖法及公式驗證，得到以下結論:正 n(n=4k)邊形有無限多個共中心內接正四邊形，而其餘正 n 邊形中，皆只有一個(本篇中圖形經過旋轉對稱後，大小、位置相同者為全等，則視為 ""同一個"")內接正四邊形，且在 n=4k+2 時，內接正四邊形必和正 n 邊形共中心；n=4k+1 或 4k+3時，內接正四邊形必不和正 n 邊形共中心，但內接正四邊形之中心必在正 n 邊形的一對稱軸上。最後我們提供一個能在所有的正 n 邊形畫出內接正四邊形的尺規作圖法。"
數學科,四角垛彩球遊戲研究,四角垛,同餘,矩陣方程,四角垛是「底層是邊長為n顆球的正方形，其上層在每顆球的中間排成邊長為n -1顆球的正方形，依此方式堆疊至最上層是邊長為1顆的正方形」。本文主要探討的問題為：當四角垛最底層彩球用紅藍綠三種彩球擺定，上層每顆球的顏色由其下層所接觸的四顆彩球依照給定之規則來決定其顏色(紅或藍或綠)，那四角垛最頂層那顆球的顏色為何？我們透過數學建模將此問題轉換為mod3的矩陣問題來解決，並得到如何最快求得答案的方法。另外，透過矩陣的可逆性與否我們可以判斷當給定四角垛哪些位置彩球的顏色後，即可推得四角垛中每顆彩球的顏色。
數學科,剛性三角形的進一步探討,共軛擺放,軟三角形,硬三角形,本文企圖將公認的剛性△區分為軟和硬△，軟硬△定義如下:「若給定△的每一內角都不存在比分角線能多切一點點的塞瓦線，則此△被稱為硬△，否則為軟△。」文中推出兩項主要結論，(一) 若等腰△的頂角角度在 36 度及 771/7度之間則為硬△，否則為軟△。(二) 一般△(非等腰△)三內角角度若都在 45 度及 75 度之間則為硬△，否則為軟△。明顯看得出來，任何鈍角及直角△都是軟△，只有部分銳角△才有機會是硬△。文章最艱難的部分是在 18 種擺放方式中，將僅存的七種成功擺放方式的臨界點都找出來，藉著臨界點的位置條件將∠B 最大及最小範圍和∠A 角度的關係式導出，作為可否多切一點點的依據，∠B 的最大值和最小值曲線兩者之間空隙表示在定值∠A 下，∠B 取角的容許範圍，其越大越容易舉例。在七個可成功塞入的臨界點擺放圖的尺規作圖中，有幾個非常困難，文中利用圓錐曲線幫忙定位，簡化作圖難度。
數學科,超立方體最小控制集建構方式的探討,超立方體,最小控制集,同構,本研究將至多8維的超立方體(hypercube)𝑄୬最小控制集(minimum dominating set)MDS(𝑄୬)建構方式一般化，並藉由同(isomorphic)的分類討論提出的建構模式之唯一性與否。由文獻得出的各超立方體最小控制集大小γ(𝑄୬)以及已知的控制集形式，並從控制集重複控制的次數R(MDS(𝑄୬))，我們得出𝑄୬的平方圖中最小控制集形成的子圖𝑄୬ଶ[MDS(𝑄୬)]可能的連通分量(component)數，最後透過𝑄୬層狀圖(layered graph)中各層控點數的運算，篩選得出可行的建構方式。 研究得出MDS(𝑄ଵ)、MDS(𝑄ଶ)、MDS(𝑄ଷ)、MDS(𝑄ହ)、MDS(𝑄଻)只有一種同構；MDS(𝑄ସ)、MDS(𝑄଺)有兩種同構，同時我們發現MDS(𝑄ହ)與MDS(𝑄଺)構造上的關聯；𝑄଼的情況較為複雜，我們先是證明了γ(𝑄଼) = 32，並討論MDS(𝑄଼)與MDS(𝑄଻)構造上的關聯，提出了建構MDS(𝑄଼)之方式。 
數學科,改良式廣度優先網路爬蟲演算法之組合分析,k-錯排,遍歷,網路爬蟲,本研究旨在探討分散式網路爬蟲瀏覽時間及覆蓋率之最佳化問題原理。藉由相異物排列所形成的循環組關係式進行一系列的探討。在 n 個相異元素的簡單排列中，不存在任意元素個數為 k (k≤n)的子集對應到自己本身所成集合，我們稱此型態的排列方式為 k-錯排。換言之，假如 n 個相異元素進行簡單排列，排列後每個元素都不在原來的位置上，此時這樣的排列稱為一般的錯排列，也就是 1-錯排。本研究從分散網路爬蟲搜尋網址中進行相關發想，發現它的本質是遍歷完所有的頂點且沒有重複經過，即所謂「哈密頓路徑(Hamiltonian path)問題」中一筆畫的 NP-hard 問題，即圖遍歷問題的一種。因此本研究由 k-錯排遞迴之性質來探討分散式網路爬蟲最佳化問題。最後透過電腦模擬及組合數學分析推導，本研究將提出改善以 k-錯排應用至分散網路爬蟲的最佳化方式。
數學科,渾「圓」有「定」—從七圓定理到雙心六圓的性質探討與推廣,七圓定理,雙心六圓,極點極線,本研究將從七圓定理出發，探討點、線、圓的各種變化與推廣，試圖改變切圓個數，探討共點的存在性；更進一步推廣「與兩內離圓分別均外切與內切的六個環切圓」之雙心六圓，探討其共點、共線、共圓及共圓錐曲線等性質；研究有驚人的發現「當六個環切圓旋轉時，其各類對應點連線之共點必為定點，且各類共定點之對應共線恆為固定不變。」推廣至不同個數的環切圓時亦成立。當兩內離圓推廣至兩外離圓或是一圓一線時，亦發現其諸線共點、諸點共線、諸點共圓、諸點共圓錐曲線等性質必成立。當雙心六圓由平面推廣至立體情形，亦發現其共點、共線、共圓、共圓錐曲線的特殊變化。
數學科,布洛卡點相關性質探討,布洛卡點,布洛卡多邊形,紐伯格圓,三角形的布洛卡點及布洛卡角是經常被探討的主題。本研究突破過往研究中布洛卡點僅存在於三角形中的侷限性並推廣至 n 邊形，發現並非所有 n 邊形都存在布洛卡點，並得到 n邊形存在布洛卡點的充要條件，這個條件各 n 邊(角)互相獨立地等於布洛卡角的 cot值，同時這條件亦等價於所有存在正、負布洛卡點的 n 邊形，其頂點皆為正 n 邊形的頂點在反演變換下的反形。當 n=4 時，即為調和四邊形。接著將文獻中三種布洛卡三角形的變換整併為一種更具數學風味的旋轉與伸縮變換，基於這種變換，發現了許多布洛卡點與外心之間的幾何性質，從而推廣至多邊形。其中美妙的結果是：從任意布洛卡 n 邊形出發的 n 條全等的等角螺線皆收斂至布洛卡點。最後，由投影的角度看，發現布洛卡 n 邊形是正 n 邊形的投影，由布洛卡 n 邊形的 n 個邊所延伸的多邊形，其頂點是共圓錐曲線的。 
數學科,正三角形的最小拼接,正三角形,鑲嵌,正整數解,眾所周知，「如何使用三種不同邊長的正三角形，去拼出邊長最小的正三角形？」這個問題是困難的。本文限縮在分層或拼接的拼法下，探討此問題，並得到了答案。解決過程中牽涉到正整數解的存在性問題──如何找最小的正整數z，使得方程式ax+by=cz有正整數解，其中a 、b 、c為三種正三角形的邊長。
環境工程學科,改良鐵氧體法利用配體去除含鉻廢水,鐵氧體法,六價鉻,螯合配體,"鐵氧體是一種有特定晶體結構的複合氧化物，不溶於酸、鹼、鹽溶液和水。鐵氧體法是目前較高效率、低成本處理六價鉻廢水的方法，該方法是利用亞鐵離子提供的電子將水溶液中的六價鉻還原成三價鉻，三價鉻取代鐵離子進入鐵氧體晶格後，形成鉻鐵氧體並沉澱。但在此過程中亞鐵離子只能提供一次電子，無法再次還原六價鉻。目前已有文獻利用鐵氧體法達到 99.68%的二鉻酸根去除率(1)。而在另一份文獻中指出，藉由亞鐵反應後形成的鐵離子與特定配體螯合，配體會釋出一個電子並使其再次還原成亞鐵離子(2)。根據這份文獻所指出的反應對鐵氧體法做出改良，進而達成亞鐵離子重複利用。目的是利用較少的亞鐵達到一樣甚至較高的去除率。在我們的實驗中選擇了兩種配體。第一種是 2,2'-聯吡啶，其是根據文獻的特定配體中選擇。第二種是乙二胺四乙酸二納，選擇它的理由是其對環境的危害較小。"
環境工程學科,製備超疏水性修飾石墨烯海綿應用於廢油回收,石墨烯,超疏水性,海綿,本研究使用聚胺基甲酸酯海綿為基材，藉由在表面吸附石墨烯材料使海綿具有超疏水性，使其能從水中有效分離出油類，達到油水分離的效果。我們研究出簡易自製氧化石墨烯的方法，並使用自創的照紫外光乙醇法將其還原成還原氧化石墨烯，接著吸附在海綿上，再使用十三氟辛基三乙氧基矽烷修飾石墨烯海綿，使其鍵結上具有超疏水性官能基。藉由測量海綿表面與水珠間的接觸角，我們找出了製做超疏水性海綿的最佳條件，最終完成了矽烷修飾還原氧化石墨烯聚胺基甲酸酯海綿(FS-rGO-PU Sponge)。本研究超疏水性海綿的製程簡易、成本低且符合綠色化學，同時具有單位體積吸油量大，可多次重複使用等優點，我們除了測試其對食用油、礦物油的回收能力，並製作成可連續分離油水的裝置，可應用在工業、家庭廢油及海上油汙的回收，甚至可做為空氣清淨機或排油煙機的濾網。
醫學與健康科學科,小花蔓澤蘭活性成分 Dihydromilanolide 誘導胃癌細胞凋亡與自噬性死亡,Dihydromilanolide,細胞凋亡,細胞自噬,外來入侵種小花蔓澤蘭繁殖速度太快，使台灣本土生環境及多樣性受到破壞。我們研究發現，小花蔓澤蘭葉萃取物會誘導人類胃癌(AGS)細胞毒性；以 HPLC 分析及分離出小花蔓澤蘭葉萃取物的活性成分 Dihydromilanolide (DHK)，發現 DHK 會毒殺胞胃癌、卵巢癌、乳癌與血癌細胞，其中以胃癌(AGS)細胞毒殺性最強。此外，抗氧化劑 N-acetylcysteine 可減緩小花蔓澤蘭葉萃取物及 DHK 對胃癌細胞毒殺性，推測是透過活性氧化物(ROS)來毒殺胃癌細胞。我們亦發現，DHK 可與抗癌藥物(Doxorubicin、Cisplatin 或 Paclitaxel)對胃癌細胞產生協同作用。DHK 作用胃癌細胞會誘導 Caspase-3 增加、PARP 蛋白裂解、促凋亡 Bax 增加及抑凋亡 Bcl-2 減少;產生酸性囊泡(AVOs)、促自噬 LC3-II 及 Beclin-1 蛋白增加，且加入自噬抑制劑 3-MA 可保護 DHK 誘導胃癌細胞死亡。推論 DHK 可誘發胃癌細胞凋亡(Apoptosis)及自噬性死亡(Autophagy)。總結，小花蔓澤蘭與活性成分 Dihydromilanolide (DHK) 具抗胃癌功效且與抗癌藥物產生協同作用，可開發成抗癌的藥品或保健食品。
醫學與健康科學科,探討吸菸調控絲胺酸合成路徑影響肺癌生長及抗藥性,肺癌,絲胺酸合成路徑,抽煙,肺癌為全球死亡率最高的癌別之一。抽菸，肺癌的主要危險因子，臨床上造成抗癌藥效不佳並導致病患的低存活率與不良預後。然而，抽菸影響肺癌的機制仍不清楚。代謝重整最近被視為是癌症的新興特點。絲胺酸合成路徑為葡萄糖代謝的分支之一，參與生物合成材料之製造，並和癌症的惡化有密切的關連性，但缺乏詳細的相關研究。本研究探討抽菸是否透過影響絲胺酸合成路徑來導致肺癌生長，並測試絲胺酸合成路徑抑制劑是否能增強化療藥物吸菸相關肺癌細胞的治療效果。我們的研究發現，抽菸和絲胺酸合成路徑在肺癌中有正相關性且與臨床上的低存活率有關，並證實抽菸調控絲胺酸合成路徑而促進肺癌生長與化療抗性，此現象可因合併給予絲胺酸合成路徑抑制劑而獲得緩解。此研究成果顯示抑制絲胺酸合成路徑可能成為治療吸菸相關肺癌的新策略。
醫學與健康科學科,對抗上皮細胞黏附因子之 CAR-T 細胞於癌症免疫治療之研究,CAR-T,EpCAM,癌症免疫療法,以往人類對抗癌症只能依靠手術、化療、電療等治標不治本的手段殺死癌細胞，不僅效率差且有強烈的副作用，而 CAR-T 免疫療法透過活化病人自身免疫細胞來專一性的治療癌症。本研究旨在發展能治療實質固態瘤的 CAR-T 免疫療法，透過活化由人血中所分離出來的T 細胞，使之能辨識在癌細胞中大量表現的上皮細胞黏附因子（EpCAM），並建立一套體外細胞毒殺測試的模型來測試 CAR-T 殺死腫瘤細胞的能力，以篩選出具有發展潛力 CAR-T 細胞。本研究從外周血單個核細胞（PBMC）中分離 T 細胞，透過基因重組技術與 lentivirus 來改造 T 細胞，使 T 細胞表現 CAR 基因，再利用 Dynabeads Human T-Activator CD3/CD28 活化，並以大腸癌細胞株 HCT116 當作癌細胞目標，測試 CAR-T 是否有能力殺死腫瘤細胞，另外也以不表現EpCAM的A549肺癌細胞株、H460肺癌細胞株進行毒殺能力測試，結果顯示此CAR-T細胞有高度專一性，證明此 CAR-T 細胞具有潛力成為新一代的 CAR-T 免疫療法。
醫學與健康科學科,探討 Naa10p 突變對神經發育的影響,Naa10p,神經分化,CRISPR,Naa10p (N-alpha-acetyltransferase 10 protein) 突變患者多半有智力障礙的問題，如:奧格登症候群患者常有早夭、腦萎縮及其他發育問題。Naa10p 是一種 N-α-乙醯轉移酶，負責新生肽鏈 N-α-乙醯化。人體中約有 80% 的蛋白質經乙醯化修飾，其中 46% 為 NatA 複合體執行，而 Naa10p 即是 NatA 中執行乙醯化的蛋白酶。先前研究顯示 Naa10p 會影響神經發育，但對Naa10p 影響神經發育的機制並不清楚。本研究利用 CRISPR/Cas9 製作 Naa10p 的小鼠胚胎幹細胞(mESC)突變株，觀察突變株細胞分裂速率與分化型態的差異，並分析胚胎發育過程 Naa10p以及相關基因的表現。本研究結果證明特定 Naa10p 突變會加快 mESC 生長，使其分化為神經母細胞的異常。而其中 V111G 突變株的 Naa10p 無法和 HYPK 結合，且突變 S37P 及 R116W 使 Naa10p 與 Naa15p的結合降低，推論此結果可能造成 NatA 無法正常形成，並改變其與核糖體蛋白的親和力，影響蛋白質乙醯化。目前我們發現突變株中，與細胞分化相關的基因:Oct4、Pax6 皆表現異常。以上結果可能可以初步解釋 Naa10p 突變造成人類疾病的機制。